Code,Name,Latitude,Longitude,No_Observed,Number_By_Party_Hours,year,Editor_Comments
CAPV,Peace Valley,39.1982,-121.8219,75206,1979.1053,2013,
CALS,Los Ba–os,37.0612,-120.8849,43034,843.8039,2013,gd
CACW,Caswell-Westley,37.6061,-121.174,40334,768.2667,2013,
CASM,Sacramento,38.6,-121.55,21587,120.0612,2013,
CASS,Salton Sea (south),33.1579,-115.6132,14185,3546.25,2013,
CABE,Benicia,38.1143,-122.1094,5736,25.4549,2013,
CASJ,San Jose,37.4033,-121.8821,5215,24.6549,2013,
CAPA,Palo Alto,37.4064,-122.1559,5127,22.0232,2013,
MXCR,"Colorado River Delta, Sonora, Mexico",31.5503,-114.5203,4662,190.2857,2013,
TXMN,McNary,31.2682,-105.7871,4590,216,2013,
MOMI,Mingo N.W.R.,36.9833,-90.2,4230,79.4366,2013,
CABA,Bakersfield,35.4311,-118.9173,4122,56.6598,2013,
CAHF,Hayward-Fremont,37.6068,-122.0667,3725,15.6513,2013,
CACC,Contra Costa County,37.9538,-121.9923,3581,37.1859,2013,
CAMW,Merced N.W.R.,37.2301,-120.6885,3425,95.1389,2013,
CASL,San Jacinto Lake,33.8745,-117.1239,3372,38.8703,2013,
MSGR,Grenada,33.8051,-89.7016,3100,79.4872,2013,
CAEN,Elsinore,33.6667,-117.3331,2846,42.4586,2013,
NCMA,Mattamuskeet N.W.R.,35.45,-76.1333,2838,48.1017,2013,
ARWA,Wapanocca N.W.R.,35.35,-90.2333,2600,66.242,2013,
CARS,Rancho Santa Fe,33.0003,-117.1628,2386,10.1316,2013,
CALR,Lake Almanor,40.2833,-121.25,2302,79.3793,2013,
TXLK,Lake Tawakoni,32.7667,-95.9167,2144,37.7465,2013,
CAMA,Marysville,39.2,-121.5,2042,30.4776,2013,
ARAR,Arkadelphia,34.1333,-93.05,2012,31.9365,2013,
TXAU,Austin,30.1834,-97.698,1926,9.1824,2013,
LACW,Crowley,30.1107,-92.3619,1868,32.6288,2013,
DECH,Cape Henlopen-Prime Hook,38.8072,-75.1878,1853,19.8182,2013,
GASV,"Savannah, GA-SC",32.0842,-81.0667,1816,9.3066,2013,
CASD,San Diego,32.6473,-117.117,1735,6.784,2013,
UTAI,Antelope Island,41.0047,-112.1611,1734,106.7077,2013,
CALN,Lancaster,34.7043,-118.086,1610,20.8414,2013,
AZTV,Tucson Valley,32.3016,-110.9735,1598,6.0473,2013,
CODV,Denver (urban),39.7347,-104.8753,1598,10.26,2013,
LALT,Lacassine N.W.R.-Thornwell,30.0626,-92.8147,1595,15.4899,2013,
CAST,Stockton,38.116,-121.3954,1572,12.7805,2013,
CAOR,Oroville,39.5178,-121.5499,1560,23.5472,2013,
AZPR,Prescott,34.5419,-112.4701,1523,8.9588,2013,
LASC,Sweet Lake-Cameron Prairie N.W.R.,30.0373,-93.0875,1477,16.0823,2013,
CAOC,Orange County (coastal),33.6725,-117.9453,1385,4.2912,2013,
ARLO,Lonoke,34.749,-91.8957,1319,25.9085,2013,
NVHE,Henderson,36.0833,-114.95,1318,53.7959,2013,
TXDA,Dallas County,32.8258,-96.8312,1285,9.7905,2013,
CAOV,Oceanside-Vista-Carlsbad,33.1903,-117.2796,1264,4.439,2013,
ARPB,Pine Bluff,34.2295,-92.0033,1262,22.7387,2013,
TXAP,Attwater Prairie Chicken N.W.R.,29.6344,-96.3667,1262,7.9246,2013,
CAMD,Moss Landing,36.897,-121.7407,1247,4.5181,2013,
CASA,Santa Ana River Valley,33.9068,-117.4889,1203,14.9907,2013,
TXLU,Lubbock County,33.5849,-101.7925,1145,15.2667,2013,
TXGF,Guadalupe River Delta-McFaddin Family Ranches,28.533,-96.8635,1099,4.8467,2013,ph
WATA,Tacoma,47.2335,-122.5167,1044,4.2482,2013,
AZMY,Martinez Lake-Yuma,32.8884,-114.4623,1019,16.4355,2013,
CATO,Thousand Oaks,34.1489,-118.9699,1018,5.9186,2013,
COBL,Barr Lake,39.9721,-104.6955,1000,30.0752,2013,
TXTA,Trinity River Audubon Center,32.6407,-96.6577,991,15.2157,2013,
CAMR,Morro Bay,35.3,-120.7767,949,3.2826,2013,
ORCO,Corvallis,44.5071,-123.2695,942,7.715,2013,
TXGA,Galveston,29.3333,-94.8333,907,9.4974,2013,
CACL,Clear Lake,38.9392,-122.7199,900,9.0909,2013,
LASA,Sabine N.W.R.,29.8545,-93.3892,880,6.8085,2013,
CASH,Salton Sea (north),33.5179,-116.1031,878,13.203,2013,
TXMM,Matagorda County-Mad Island Marsh,28.6833,-95.9833,871,2.5509,2013,
LABC,Bossier-Caddo-Bienville,32.2932,-93.5026,864,12.3429,2013,
NMRO,Roswell,33.397,-104.3983,821,17.6559,2013,
CACS,Crystal Springs,37.5184,-122.3751,778,2.6874,2013,
TXST,San Antonio,29.3148,-98.608,727,7.0927,2013,
CALC,Lincoln,38.8704,-121.3919,724,5.5057,2013,
CASG,Santa Maria-Guadalupe,34.8833,-120.5833,724,14.0446,2013,
CACH,China Lake,35.6518,-117.7056,722,14.44,2013,
SCMC,McClellanville,33.1003,-79.4037,692,9.415,2013,
TXBP,Bolivar Peninsula,29.5504,-94.4668,690,9.537,2013,
ORCV,Coquille Valley,43.115,-124.2983,683,4.3642,2013,
TXLR,Lake Ray Hubbard,32.9296,-96.5363,669,16.0048,2013,
TXVC,Village Creek Drying Beds,32.7667,-97.1167,662,8.0732,2013,
NCBP,Bodie-Pea Island,35.7824,-75.5458,648,6.48,2013,
SCSN,Santee N.W.R.,33.5104,-80.408,639,8.0377,2013,
CAOA,Oakland,37.8146,-122.233,616,1.3675,2013,
CADN,Del Norte County,41.8446,-124.1712,613,7.6625,2013,
LAWL,White Lake,29.8699,-92.424,610,9.5701,2013,
TXSR,Sea Rim S.P.,29.7334,-93.9563,592,8.1543,2013,
AZNO,Nogales,31.4338,-110.9358,575,11.7347,2013,
AZPT,Phoenix-Tres Rios,33.3725,-112.3582,552,4.6,2013,
NMCV,Clovis,34.4194,-103.1698,540,46.9565,2013,
NMBD,Bosque del Apache N.W.R.,33.8051,-106.8907,533,10.0094,2013,
WASE,Seattle,47.6017,-122.3341,518,2.072,2013,
TXLD,Laredo,27.5,-99.4167,505,8.5957,2013,
CAMC,Marin County (southern),37.9214,-122.5643,495,1.3846,2013,
ORCE,Columbia Estuary,46.2192,-123.9461,493,6.8951,2013,
CACU,Cachuma,34.6501,-119.9516,491,3.004,2013,
CASB,Santa Barbara,34.4512,-119.7627,487,1.3505,2013,
ALWH,Wheeler N.W.R.,34.6001,-86.8837,486,5.2826,2013,
TXLV,Lewisville,33.0301,-96.9929,486,7.9803,2013,
NYBR,L.I.: Brooklyn,40.616,-73.9448,484,4.6538,2013,
TXHO,Houston,29.7497,-94.9492,477,5.2418,2013,
TXFR,Freeport,29.0172,-95.3551,469,1.7615,2013,
TNDR,Duck River,35.9474,-87.9211,465,9.8936,2013,
CAPS,Pasadena-San Gabriel Valley,34.1199,-118.0913,465,5.8249,2013,
CACB,Centerville Beach to King Salmon,40.642,-124.2428,464,2.4813,2013,
CAON,Orange County (northeastern),33.7145,-117.6776,462,2.4329,2013,
TXSB,San Bernard N.W.R.,28.8667,-95.5667,456,3.5199,2013,
NMCA,Caballo,32.953,-107.3122,441,7.3195,2013,
ORDA,Dallas,44.8965,-123.3384,437,5.9822,2013,
TXCF,Corpus Christi (Flour Bluff),27.6584,-97.2938,435,4.1527,2013,
MXEP,"Ensenada de La Paz, BCS, Mexico",24.11,-110.42,434,12.4,2013,
DEBH,Bombay Hook N.W.R.,39.2152,-75.4822,431,3.8482,2013,
CACO,Chico,39.722,-121.8238,420,5.1376,2013,
WIMA,Madison,43.0747,-89.3843,420,1.8357,2013,
DEWI,Wilmington,39.745,-75.6399,409,2.2773,2013,
NVTM,Truckee Meadows,39.4679,-119.8205,405,4.7093,2013,
CACM,Claremont,34.1384,-117.7073,390,3.2231,2013,
CAPR,Point Reyes Peninsula,38.1216,-122.8901,378,0.6738,2013,
LACL,Cheneyville-Lecompte,31.1,-92.3667,376,8.6936,2013,
VAFB,Fort Belvoir,38.709,-77.1939,375,1.1398,2013,
FLSO,STA5-Clewiston,26.516,-80.916,365,5.3676,2013,
TXSG,San Angelo,31.4439,-100.4823,363,6.2586,2013,
NCAR,Alligator River N.W.R.,35.77,-76.08,360,5.5004,2013,
WASB,Skagit Bay,48.2973,-122.3879,351,3.9,2013,
CAMJ,Mojave River Valley,34.5071,-117.2689,344,8.0941,2013,
DEMF,Milford,38.9595,-75.4275,340,3.6074,2013,hc
CASO,San Bernardino Valley,34.0852,-117.301,329,2.9375,2013,
ORFG,Forest Grove,45.4851,-123.1269,326,5.8214,2013,
MDLK,Lower Kent County,39.1427,-76.1921,326,2.7338,2013,
OKOC,Oklahoma City,35.5368,-97.5834,316,3.3797,2013,
CACT,Cheep Thrills,38.1382,-122.6094,316,1.7081,2013,
WAGH,Grays Harbor,46.9667,-124.05,312,2.9785,2013,
GAAU,Augusta,33.4393,-82.0239,306,3.9231,2013,
WAEV,Everett-Marysville,48.0833,-122.2167,304,1.901,2013,
TXPA,Port Aransas,27.8502,-97.1,304,3.1503,2013,
UTSL,Salt Lake City,40.7695,-111.8884,303,2.0336,2013,
HIIA,Maui: I'ao Valley,20.9333,-156.5333,297,66,2013,
MXMD,"Madera, Chihuahua, Mexico",29.1613,-108.1317,291,36.375,2013,
ARCO,Conway,35.0916,-92.4227,290,3.8284,2013,
WACC,Cowlitz-Columbia,46.1092,-122.9787,289,18.6452,2013,
VANR,Nansemond River,36.8472,-76.4333,286,2.7633,2013,
ORBR,Brownsville,44.3536,-122.9671,285,5.4286,2013,
OKTU,Tulsa,36.3221,-95.9022,282,3.0241,2013,
CAES,Escondido,33.1025,-116.9403,280,2.2222,2013,
MXDU,"Durango, Mexico",24,-104.67,275,8.9664,2013,
OREU,Eugene,44.0768,-123.179,271,1.1027,2013,
CAAG,Angwin,38.5715,-122.3977,268,2.4587,2013,
NYSN,L.I.: Southern Nassau County,40.6298,-73.5907,267,1.2459,2013,
TNRL,Reelfoot Lake,36.4167,-89.3833,266,5.165,2013,
BCAM,Abbotsford-Mission,49.1136,-122.3031,265,2.9121,2013,
TXCY,Cypress Creek,29.9561,-95.89,263,1.959,2013,
TXEP,El Paso,31.7828,-106.4798,262,5.4583,2013,
TXKI,Kingsville,27.4658,-97.8551,260,3.2945,2013,
NMAL,Albuquerque,35.1833,-106.6167,260,1.9097,2013,
KSLA,Lawrence,38.9933,-95.3111,254,3.2774,2013,
NJOC,Oceanville,39.4422,-74.4605,250,3.4722,2013,
CAEL,Eagle Lake,40.6299,-120.7518,250,5.0505,2013,
ILCE,Carlyle Lake,38.7,-89.2667,250,5.0505,2013,
SCCG,Congaree Swamp,33.7612,-80.7476,250,2.474,2013,nc
ORSA,Salem,44.9437,-123.0388,249,2.1255,2013,
ORPD,Portland,45.5167,-122.7,246,0.7827,2013,
ORRS,Roseburg-Sutherlin,43.3177,-123.3473,244,3.4007,2013,
ORKF,Klamath Falls,42.1595,-121.7351,234,3.744,2013,
VACI,Chincoteague N.W.R.,37.9672,-75.3669,228,3.0707,2013,
NJLH,Lower Hudson,40.7751,-74.0009,227,1.7734,2013,
MSJC,Jackson County,30.4366,-88.7119,226,0.6954,2013,
TXCC,Corpus Christi,27.8334,-97.5833,226,2.0782,2013,
ARBD,Bayou DeView,34.872,-91.2917,224,5.7732,2013,
AZHV,Havasu N.W.R.,34.4525,-114.3107,219,3.5902,2013,
ORYV,Yamhill Valley,45.1579,-123.2815,219,2.0372,2013,
TXWS,Weslaco,26.1507,-97.9421,216,1.6065,2013,
ORTB,Tillamook Bay,45.5167,-123.8833,214,2.4181,2013,
NCCH,Cape Hatteras,35.2188,-75.6067,210,2.6582,2013,
LACR,Creole,29.8159,-93.1113,206,4.7356,2013,
MDOC,Ocean City,38.3128,-75.2122,200,0.8602,2013,
TXNA,Nacogdoches,31.5332,-94.6563,200,1.6949,2013,
WAKA,Kent-Auburn,47.3598,-122.1787,197,1.152,2013,
ILRL,Rend Lake,38.1324,-88.9677,196,5.6,2013,
ONHA,Hamilton,43.2679,-79.8852,195,1.0703,2013,
UTPR,Provo,40.2526,-111.6688,193,2.0809,2013,
TXAM,Amarillo,34.9851,-101.7021,192,10.9714,2013,
NJCM,Cape May,39.0123,-74.8778,184,0.8233,2013,
ILCV,Collinsville,38.7081,-89.9588,184,4.7179,2013,
ILUC,Union County,37.4676,-89.4048,182,2.9836,2013,
TXRO,Rockport,28.0669,-97.1167,181,2.7424,2013,
ALEU,Eufaula N.W.R.,31.9939,-85.0886,179,6.1724,2013,
AZGV,Green Valley-Madera Canyon,31.7923,-110.9151,174,1.0841,2013,
BCLA,Ladner,49.0538,-123.0573,172,0.7079,2013,
CAVE,Ventura,34.3484,-119.1921,170,1.2409,2013,
OKTI,Tishomingo N.W.R.,34.1833,-96.65,170,3.0357,2013,
MSNO,Noxubee N.W.R.,33.2711,-88.7837,169,2.4229,2013,
TXGC,Gibbons Creek,30.5833,-96,168,2.5846,2013,
ARTE,Texarkana,33.4725,-93.9215,167,15.9048,2013,
WAOL,Olympia,47.0722,-122.8533,166,0.7793,2013,
SCWB,Winyah Bay,33.2458,-79.2292,165,2.4627,2013,
MSDG,Dahomey-Great River Road,33.7769,-90.9545,165,3.5484,2013,
NJHR,Hackensack-Ridgewood,40.9351,-74.0292,164,2.3099,2013,
DEMI,Middletown,39.4753,-75.6347,164,2.1299,2013,
CALB,Long Beach-el Dorado,33.8533,-118.0908,158,0.9107,2013,
CAEA,Eastern Alameda County,37.609,-121.789,156,0.2248,2013,
UTSG,St. George,37.15,-113.6,156,2.0392,2013,
CALU,La Purisima,34.6616,-120.5368,154,2.9333,2013,
AZGR,Gila River,33.3071,-112.6833,151,0.9983,2013,
WAWK,Wahkiakum,46.1917,-123.4667,151,1.7014,2013,
AZGC,Glen Canyon,36.9167,-111.5167,150,6,2013,
CAAN,A–o Nuevo,37.2147,-122.3182,149,0.6334,2013,
CALH,Lake Henshaw,33.2112,-116.7255,149,1.7633,2013,
ORCB,Coos Bay,43.3759,-124.2973,148,1.3394,2013,
TXKW,Kenedy County Wind Turbines,27.0727,-97.4447,146,5.84,2013,
TXFB,Fort Clark Springs-Brackettville,29.3052,-100.4204,144,3.4699,2013,
VALC,Little Creek,36.8508,-76.0994,144,1.4545,2013,
CAWS,Western Sonoma County,38.3853,-123.0306,141,0.597,2013,
GADA,Dalton,34.7667,-84.9667,141,6.7143,2013,
AZEL,Elfrida,31.6667,-109.6833,140,4.1176,2013,
BCGS,Galiano-North Saltspring,48.9069,-123.4589,140,0.9272,2013,
CALL,Lost Lake-Fresno,36.95,-119.7,139,1.5531,2013,
BCVI,Victoria,48.4667,-123.4,136,0.2724,2013,
TXFW,Fort Worth,32.7661,-97.4715,136,1.0055,2013,
WAED,Edmonds,47.8524,-122.2489,134,0.8349,2013,
TXHG,Harlingen,26.177,-97.6813,132,0.8024,2013,
AZRC,Ramsey Canyon,31.4599,-110.2068,131,0.905,2013,
INGP,Goose Pond,38.9678,-87.1864,130,1.3713,2013,
BCVA,Vancouver,49.2603,-123.105,129,0.4007,2013,
FLLA,Lakeland,28.0261,-81.8507,125,0.7962,2013,
NCWI,Wilmington,34.1401,-77.8936,124,0.994,2013,
CAAR,Arcata,40.8653,-124.1565,123,0.791,2013,
LANO,New Orleans,30.0236,-89.9167,121,1.7729,2013,
CABR,Bear Valley Springs,35.0945,-118.661,120,1.875,2013,
CALA,Los Angeles,34.0477,-118.3793,120,1.1483,2013,
FLMI,Merritt Island N.W.R.,28.6171,-80.6815,120,0.9449,2013,
CAUK,Ukiah,39.1386,-123.166,119,1.229,2013,
LAGI,Grand Isle,29.1996,-90.0458,119,1.9215,2013,
TXHA,Hagerman N.W.R.,33.7807,-96.7444,119,2.125,2013,
TXBB,Bastrop-Buescher State Parks,30.0866,-97.2484,118,1.262,2013,
MSTU,Tupelo,34.2276,-88.7012,118,9.8333,2013,
MXEG,"El Yugo, Sinaloa, Mexico",23.2779,-106.4673,118,13.1111,2013,
PALZ,Lititz,40.2261,-76.3024,117,1.1624,2013,
MOCO,Columbia,38.8915,-92.3348,115,2.1257,2013,
LANI,New Iberia,30.0017,-91.8949,115,3.4954,2013,
LACA,Catahoula N.W.R.,31.508,-92.0589,114,2.6358,2013,
COSL,Sterling,40.6966,-103.2219,111,3.7949,2013,
BCPA,Port Alberni,49.2573,-124.814,111,2.3693,2013,
ARFS,Fort Smith-Moffett,35.3818,-94.3766,108,6.0845,2013,
ILHL,Horseshoe Lake,37.2089,-89.3311,107,2.2408,2013,
NMSE,Sevilleta N.W.R.,34.3167,-106.95,107,3.0571,2013,
TXAB,Abilene,32.3501,-99.7502,107,1.7833,2013,
ORPR,Prineville,44.3668,-120.75,106,1.6,2013,
TNME,Memphis,35.15,-89.9333,105,1.9161,2013,
KSWI,Wichita,37.6912,-97.3496,103,1.7607,2013,
VAHO,Hopewell,37.367,-77.2842,101,1.0604,2013,
MXMC,"Mexico City, Distrito Federal, Mexico",19.2333,-99.1833,100,4.7619,2013,
TXLP,Lost Pines,30.2209,-97.4397,99,1.4348,2013,
ORME,Medford,42.4026,-122.8559,97,0.728,2013,
CASZ,Sonoma Valley,38.2931,-122.5037,97,0.3825,2013,
CAMU,Malibu,34.0822,-118.7045,95,0.6165,2013,
OHGY,Gypsum,41.5,-82.8667,94,13.4286,2013,
TXPM,Palmetto S.P.,29.5833,-97.5833,94,1.0805,2013,
TXBR,Brazoria-Columbia Bottomlands,29.1521,-95.5657,93,1.1341,2013,
IDHV,Hagerman Valley,42.8167,-114.9,92,1.6356,2013,
OKST,Stillwater,36.1452,-97.1765,91,2.0449,2013,
CAMV,Morongo Valley,34.0359,-116.5625,90,1.4556,2013,
CASR,Santa Rosa,38.4379,-122.7116,90,0.7087,2013,
CAPP,Palos Verdes Peninsula,33.7723,-118.3279,89,0.3571,2013,
MOHF,Horton-Four Rivers,38.02,-94.357,89,1.705,2013,
TXWA,Waco,31.5194,-97.0451,89,1.5345,2013,
MXSC,"San Carlos, Sonora, Mexico",28.0389,-110.9377,88,4.1905,2013,
KSMA,Manhattan,39.1833,-96.5667,86,0.8309,2013,
WASD,Sequim-Dungeness,48.1,-123.0667,86,0.3561,2013,
AZSE,Sedona,34.8391,-111.8802,85,0.9444,2013,
CATE,Tehachapi,35.1097,-118.4503,84,3.5368,2013,
WATC,Tri-Cities,46.2357,-119.1805,82,0.3806,2013,
TXLA,Laguna Atascosa N.W.R.,26.2391,-97.3814,81,1.7609,2013,
INOR,Ohio River,39.1021,-84.9016,81,1.5211,2013,
FLJA,Jacksonville,30.4152,-81.4877,80,0.8889,2013,
BCDU,Duncan,48.7882,-123.6714,79,0.6423,2013,
LASH,Shreveport,32.5371,-93.8922,79,1.251,2013,
CACI,Santa Clarita,34.4499,-118.4982,77,1.6631,2013,
NVDG,Desert Game Range,36.3276,-115.3125,76,2.8148,2013,
NCGR,Greensboro,36.1163,-79.837,75,0.7009,2013,
MSSH,Southern Hancock County,30.2906,-89.5034,75,1,2013,
INSU,Sullivan County,39.1029,-87.4253,75,1.7442,2013,
CAEC,East Contra Costa County,37.9118,-121.678,75,4.4118,2013,
FLSR,Sarasota,27.2841,-82.4976,74,0.4217,2013,
SCAB,Ace Basin,32.6126,-80.4813,74,1.4095,2013,
AZCF,Carefree,33.8594,-111.902,73,0.4932,2013,
FLBA,Bradenton,27.501,-82.5631,73,0.7337,2013,
COPS,Pagosa Springs,37.2403,-107.0257,73,1.3905,2013,
OKSC,Stephens County,34.5667,-97.7833,72,1.7421,2013,
TNCH,Chattanooga,35.104,-85.2292,72,1.2414,2013,
LANA,Natchitoches,31.824,-93.0635,71,1.5691,2013,
MOPB,Poplar Bluff,36.7676,-90.4149,70,2.6667,2013,
NYCA,L.I.: Captree,40.7038,-73.2493,70,0.5009,2013,
CASV,San Fernando Valley,34.2358,-118.5025,70,1.5909,2013,
TXLG,Longview,32.3765,-94.7162,68,0.9158,2013,
TXSA,Santa Ana N.W.R.,26.1492,-98.1917,68,0.8242,2013,
UTHV,Heber Valley,40.5065,-111.4322,68,2.5185,2013,
CAKA,Kaweah,36.3667,-119.0667,67,1.2642,2013,
TXMC,Mckinney,33.1585,-96.6154,66,0.8889,2013,
TXCS,College Station,30.593,-96.3175,66,0.6857,2013,
TXPS,Palestine,31.7624,-95.7664,65,2.7083,2013,
NMVO,Valle de Oro N.W.R.,34.964,-106.6761,65,0.6489,2013,
NYRC,Rockland County,41.148,-73.9895,65,0.8125,2013,
NVMD,Minden,38.9542,-119.7647,64,6.0952,2013,
UTPA,Payson,40.0437,-111.7598,64,0.9209,2013,
TXLS,La Sal Vieja,26.4849,-97.9649,64,1.3333,2013,
TXGR,Granger,30.7062,-97.4019,64,0.6235,2013,
UTLO,Logan,41.7993,-111.8333,63,0.5145,2013,
AZSV,Salt Verde River,33.639,-111.616,63,0.3853,2013,
ALWA,Waterloo,34.8333,-88.0002,63,1.1101,2013,
FLSP,St. Petersburg,27.7991,-82.6794,62,0.521,2013,
COFO,Fountain Creek,38.6333,-104.65,62,1.3933,2013,
IDBO,Boise,43.6177,-116.1995,61,0.5199,2013,
MXLN,"Laguna de Chapala, Jalisco, Mexico",20.3366,-103.2479,61,2.0333,2013,
TXBZ,Brazos Bend,29.3734,-95.6688,61,0.5374,2013,
MOKC,Kansas City,38.9488,-94.4049,60,1.1251,2013,
NYQU,L.I.: Queens,40.6932,-73.7448,60,0.4615,2013,
CAFR,Fall River Mills,41.0616,-121.4899,60,0.9125,2013,
SCSR,Savannah River Site,33.2,-81.6167,59,1.0519,2013,
ORYB,Yaquina Bay,44.5866,-124.0642,58,0.8,2013,
AZFL,Flagstaff-Mt. Elden,35.241,-111.5976,58,1.3182,2013,
OKFG,Fort Gibson Reservoir,35.85,-95.3167,58,4.4615,2013,
NYSM,L.I.: Smithtown,40.9133,-73.1386,58,1.0357,2013,
ORGP,Grants Pass,42.4186,-123.3669,58,0.7682,2013,
NJTM,Trenton Marshes,40.1918,-74.7276,58,1.3257,2013,
ILPM,Pere Marquette Park,38.9968,-90.6051,58,1.0498,2013,
NCPE,Pettigrew S.P.,35.7667,-76.45,57,1.425,2013,
COCS,Colorado Springs,38.8022,-104.8167,57,0.2661,2013,
CATL,Tule Lake,41.9465,-121.539,57,1.4615,2013,
FLJC,Jackson County,30.8916,-85.1612,57,0.7808,2013,
TXUC,Uvalde County,29.2096,-99.7862,57,1.443,2013,
UTSR,Silver Reef,37.2531,-113.3675,57,0.75,2013,
GACI,Cumberland Island,30.8151,-81.4673,56,0.7645,2013,
NCPD,Pee Dee N.W.R.,35.1167,-80.05,56,3.5,2013,
ORAI,Airlie,44.7131,-123.1744,56,0.4895,2013,
NYSI,Staten Island,40.5833,-74.15,56,0.6437,2013,
CADM,Diamond Valley,33.627,-117.018,55,2.6066,2013,
TXBN,Burnet County,30.7514,-98.275,55,0.7942,2013,
KYLE,Lexington,37.9227,-84.4719,54,0.809,2013,
MDJB,Jug Bay,38.7532,-76.6415,54,0.4202,2013,
AZSD,St. David,31.8908,-110.1265,53,2.65,2013,
PALB,Southern Bucks County,40.1765,-74.8971,53,0.4599,2013,
NMRU,Ruidoso,33.3987,-105.6808,52,1.7333,2013,
COBO,Boulder,40.0256,-105.2725,51,0.1923,2013,
OKWM,Wichita Mountains Wildlife Refuge,34.7333,-98.6667,50,0.5376,2013,
MDSD,Southern Dorchester County,38.3617,-76.0371,50,0.6689,2013,
LAJB,Johnsons Bayou,29.801,-93.7149,50,2.0833,2013,
GAGC,Glynn County,31.1128,-81.4261,49,0.4804,2013,
TXMI,Midland,31.95,-102.0333,49,1.1667,2013,
TXTE,Texarkana,33.2784,-94.2082,49,1.661,2013,
CAMM,Mammoth Lakes,37.6333,-118.8667,48,1.0492,2013,
CASC,Santa Cruz County,37.0162,-122.0499,47,0.1808,2013,
LALA,Lafayette,30.1901,-92.1042,47,0.6528,2013,
MXES,"Ensenada, Baja California, Mexico",31.8002,-116.6335,47,0.7966,2013,
OHBL,Buckeye Lake,39.9333,-82.4833,46,1.3731,2013,
ORLI,Lincoln City,44.9463,-124.0033,46,0.9583,2013,
TXBV,Brownsville,25.9328,-97.4748,45,0.598,2013,
TXAR,Aransas N.W.R.,28.2333,-96.8833,44,0.6007,2013,
NYQW,L.I.: Quogue-Watermill,40.8591,-72.4524,44,0.8148,2013,
CODE,Denver,39.587,-105.143,44,0.1986,2013,
AZPY,Payson,34.35,-111.35,43,0.7611,2013,
COPE,Penrose,38.3907,-105.144,42,0.7,2013,
KSLC,Linn County,38.2833,-94.75,42,2.8966,2013,
TXAZ,Anzalduas-Bentsen,26.2235,-98.3944,42,0.3206,2013,
NCDU,Durham,36.0868,-78.8907,41,0.3043,2013,
NMLL,La Luz-Otero County,33,-105.96,40,1.0959,2013,
TXKV,Kerrville,30.0646,-99.1757,40,0.8,2013,
WAPB,Padilla Bay,48.4834,-122.5667,40,0.2458,2013,
UTKA,Kanab,37.0334,-112.5167,40,0.678,2013,
TXDR,Del Rio,29.4651,-100.9585,39,1.2581,2013,
OKNO,Norman,35.2655,-97.3767,39,0.5493,2013,
ILLA,Lisle Arboretum,41.7518,-87.9738,38,0.2509,2013,
LAPP,Pine Prairie,30.7643,-92.3765,37,1.3704,2013,
TXWF,Wichita Falls,33.8877,-98.6298,37,1.3704,2013,
TXPR,Paris,33.75,-95.5667,36,1.2,2013,
WATO,Toppenish N.W.R.,46.3609,-120.4179,36,0.5926,2013,
WASJ,San Juan Islands Archipelago,48.5462,-123.013,36,0.3538,2013,
IDBH,Buhl,42.63,-114.82,36,1.3091,2013,
MSAL,Arkabutla Lake,34.7624,-90.1306,36,1.978,2013,
MSSI,Sidon,33.3624,-90.2479,36,1.0588,2013,
CACR,Calero-Morgan Hill,37.1897,-121.7617,35,0.1391,2013,
IDAF,American Falls Reservoir,42.9833,-112.7,35,1.75,2013,
ARWR,White River N.W.R.,34.3146,-91.121,34,3.5789,2013,
NJSA,Salem,39.614,-75.4142,34,0.5171,2013,
OHHR,Hoover Reservoir,40.1905,-82.9412,32,0.6919,2013,
ORPO,Port Orford,42.8196,-124.4828,32,0.7619,2013,
KYLO,Louisville,38.2929,-85.6284,32,0.4384,2013,
TXOR,Old River,29.8776,-94.7263,32,0.3616,2013,
TXRL,Robert Lee,31.9161,-100.4999,32,1.1034,2013,
TXBA,Balmorhea,30.9858,-103.7459,32,1.3389,2013,
TNHP,Hickory-Priest,36.1926,-86.6634,31,0.6327,2013,
TXCT,Coastal Tip,26.0278,-97.2334,31,0.521,2013,
NMLO,Loving,32.291,-104.0667,31,0.8052,2013,
ALGU,Guntersville,34.3883,-86.2803,31,0.5586,2013,
ARFA,Fayetteville,36.0566,-94.1719,31,0.4,2013,
ILCO,Crab Orchard N.W.R.,37.7196,-89.0212,31,0.7381,2013,
FLSM,St. Marks,30.1536,-84.2227,30,0.4461,2013,
ILSP,Springfield,39.8,-89.65,30,0.4348,2013,
INOC,Oakland City,38.2899,-87.3454,30,0.5976,2013,
MOBO,Big Oak Tree S.P.,36.6667,-89.2667,30,0.7143,2013,
GAMA,Macon,32.8321,-83.6663,29,0.5604,2013,
AZCV,Camp Verde,34.5873,-111.7545,29,0.4168,2013,
ARHB,Holla Bend N.W.R.,35.166,-93.1382,28,0.3797,2013,
NMGR,Gila River,32.9152,-108.584,28,0.5437,2013,
MOCF,Confluence,38.8224,-90.2433,27,0.3333,2013,
MXHR,"Hardy River and Confluence of Colorado River, Baja California, Mexico",32.1493,-115.1582,27,1.6875,2013,
AZBA,Buenos Aires N.W.R.,31.5667,-111.45,27,0.245,2013,
AZSC,Santa Catalina Mountains,32.3353,-110.7295,27,0.3857,2013,
PALN,Linesville,41.6028,-80.4296,27,0.5934,2013,
TXCK,Choke Canyon,28.4913,-98.3082,26,0.3796,2013,
WABG,Bellingham,48.8112,-122.5629,26,0.1162,2013,
CASP,Springville,36.1338,-118.813,26,0.5149,2013,
COPR,Pueblo Reservoir,38.2354,-104.7857,25,0.2653,2013,
MSNA,Natchez,31.6167,-91.3792,25,0.7353,2013,
NYBW,Bronx-Westchester Region,40.9117,-73.7825,25,0.1176,2013,
FLFD,Fort De Soto,27.6025,-82.7789,25,0.3704,2013,
WASW,South End Whidbey,48.0365,-122.4802,24,0.3556,2013,
TXQU,Quitaque,34.4346,-101.0739,24,3,2013,
TNKN,Knoxville,35.9136,-84.0796,24,0.1736,2013,
MSML,Moon Lake (Lula),34.4937,-90.4931,24,2.8235,2013,
INMU,Muncie,40.1833,-85.3667,24,1.5915,2013,
DERE,Rehoboth,38.6035,-75.1073,24,0.256,2013,
CASF,San Francisco,37.7143,-122.4689,24,0.0954,2013,
FLZE,Zellwood-Mount Dora,28.7309,-81.6062,23,0.184,2013,
CAOK,Oakhurst,37.33,-119.6448,23,0.3485,2013,
KSPA,Parsons,37.4643,-95.2528,23,0.7797,2013,
NCPC,Pamlico County,35.1435,-76.6526,23,0.4694,2013,
TXAY,Armand Bayou,29.5498,-95.0489,23,0.1444,2013,
TXNB,New Braunfels,29.7,-98.1167,23,0.4299,2013,
WALY,Lyle,45.6833,-121.2333,23,0.3324,2013,
SCLP,Litchfield-Pawleys Island,33.4908,-79.0904,22,0.1429,2013,
NMSC,Silver City,32.7381,-108.262,22,0.2785,2013,
OKWA,Washita N.W.R.,35.6495,-99.2797,22,0.55,2013,
INMT,Muscatatuck N.W.R.,38.9594,-85.7983,22,0.6471,2013,
MSEL,Eagle Lake,32.5458,-90.58,22,0.7213,2013,
MDST,St. Michaels,38.7506,-76.2531,22,0.2363,2013,hc
GAPR,Piedmont N.W.R.-Rum Creek W.M.A.,33.0936,-83.747,22,0.3667,2013,
FLNA,Naples,26.1278,-81.7645,22,0.1973,2013,
CAID,Idyllwild,33.7112,-116.7691,21,2.3333,2013,
NMLA,Lakes Avalon-Brantley,32.5661,-104.294,21,0.4516,2013,
WAPA,Port Angeles,48.0689,-123.4736,21,0.1949,2013,
WALP,Leadbetter Point,46.5605,-123.9894,21,0.3194,2013,
TXBS,Big Spring,32.2391,-101.4162,20,0.5882,2013,
ORSU,Summer Lake,42.9731,-120.7778,20,0.3883,2013,
MDSE,Seneca,39.0671,-77.3285,20,0.0798,2013,
MANA,Nantucket,41.2901,-70.0901,20,0.1802,2013,
MOLI,Liberal,37.4762,-94.4733,20,1,2013,
MSHA,Hattiesburg,31.3073,-89.3166,20,0.479,2013,
FLGA,Gainesville,29.6027,-82.3127,20,0.0911,2013,
ARLR,Little Rock,34.7582,-92.2792,20,0.2694,2013,
ARML,Magnolia-Lake Columbia,33.2684,-93.2832,20,0.6061,2013,
CAYR,Yreka,41.7495,-122.5247,20,0.4193,2013,
COPU,Pueblo,38.1753,-104.5196,19,0.2957,2013,
COFC,Fort Collins,40.6454,-105.1141,19,0.1285,2013,
CAHL,Honey Lake,40.3434,-120.4229,19,0.427,2013,
HIWO,O'ahu: Waipi'o,21.4618,-158.0128,19,0.4471,2013,
BCWR,White Rock,49.0674,-122.7167,19,0.0799,2013,
TXBO,Boerne,29.8666,-98.7901,19,0.2303,2013,
WAYV,Yakima Valley,46.5919,-120.4555,19,0.2094,2013,
WAOH,Oak Harbor,48.2646,-122.6805,19,0.1653,2013,
TXBU,Bell County,30.9667,-97.45,18,0.377,2013,
TXWP,Westcave Preserve,30.3553,-98.0296,18,0.1644,2013,
CADV,Death Valley,36.4619,-116.8668,18,1.6364,2013,
FLAB,Aripeka-Bayport,28.4667,-82.5833,18,0.2143,2013,
GACH,Chattahoochee National Forest Songbird M.A.,34.8775,-84.6474,18,0.5217,2013,
MXGJ,"Guadalajara, Jalisco, Mexico",20.6708,-103.2976,18,1.6364,2013,
ILJC,Jackson County,37.7167,-89.35,18,0.3889,2013,
ILBL,Baldwin Lake-Kaskaskia River Valley,38.2858,-89.8397,18,0.7898,2013,
OHPC,Paint Creek Area,39.2622,-83.445,18,0.6606,2013,
MXSB,"San Blas, Nayarit, Mexico",21.5499,-105.1902,17,0.4,2013,
INLM,Lake Monroe,39.0152,-86.3984,17,0.1809,2013,
MDCV,Chesterville,39.2762,-75.9153,17,0.1744,2013,
CASU,San Juan Capistrano,33.5096,-117.6078,17,0.1505,2013,
CAAD,Anderson River Park,40.4238,-122.187,17,0.2787,2013,
IDNA,Nampa,43.568,-116.6729,17,0.1491,2013,
TXCR,Crawford,31.556,-97.3556,17,0.4,2013,
CAFB,Fort Bragg,39.3998,-123.7826,16,0.1441,2013,
CAMN,Manchester,39.0347,-123.6897,16,0.125,2013,
KSEM,Emporia,38.4456,-96.0835,16,0.4211,2013,
INLA,Lafayette,40.4605,-86.9157,15,0.2696,2013,
KSSC,Scott Lake,38.5843,-100.9064,15,0.7692,2013,
ORBE,Bend,44.0642,-121.3109,15,0.2055,2013,
CAMS,Mount Shasta,41.5342,-122.4141,15,0.2844,2013,
CATT,Tall Trees,41.2094,-124.0093,15,0.171,2013,
FLAL,Alafia Banks,27.792,-82.3349,15,0.1789,2013,
FLCO,Cocoa,28.3622,-80.7026,15,0.0898,2013,
AZAH,Atascosa Highlands,31.4701,-111.1728,15,0.08,2013,
TNSA,Savannah,35.1632,-88.1666,15,0.1869,2013,
TNWH,White County,35.9082,-85.598,14,0.306,2013,
UTFS,Fish Springs N.W.R.,39.8107,-113.399,14,0.2979,2013,
ARVC,Village Creek S.P.,35.1612,-90.7084,14,1,2013,
CARM,Redlands (Mill Creek),34.1025,-116.9999,14,0.2121,2013,
NJLB,Long Branch,40.2502,-74.0554,14,0.2059,2013,
KYRA,Russell-Adair County,36.9658,-85.1217,14,0.3684,2013,
MOSP,Springfield,37.2174,-93.239,14,0.2667,2013,
KYSO,Somerset,37.1025,-84.6038,13,0.2261,2013,
KSTO,Topeka,39.0483,-95.6779,13,0.1477,2013,
INWH,Whitewater S.P.,39.5909,-84.9936,13,0.4483,2013,
FLSB,South Brevard County,27.8486,-80.55,13,0.1253,2013,
CAKR,Kern River Valley,35.6625,-118.4588,13,0.1506,2013,
VACC,Cape Charles,37.1899,-75.941,13,0.1032,2013,
SCCL,Clemson,34.6346,-82.8365,13,0.2955,2013,
TXCP,Chaparral W.M.A.,28.3609,-99.3429,13,0.4262,2013,
TXCD,Cedar Hill,32.5931,-96.951,12,0.1621,2013,
TXWW,Welder Wildlife Refuge,28.1136,-97.4171,12,0.2449,2013,
SCCA,Charleston,32.9333,-79.7,12,0.1477,2013,
TNFR,Franklin-Coffee County,35.302,-86.0567,12,0.6154,2013,
VAAC,Augusta County,38.2046,-78.9913,12,0.1935,2013,
BCBR,Broughton Strait,50.5833,-127,12,0.8571,2013,
BCMA,Greater Masset,54.0464,-132.1903,12,0.3636,2013,
FLMR,Myakka River S.P.,27.233,-82.236,12,0.1655,2013,
INWC,Warrick County,38.0599,-87.3015,12,0.3077,2013,
MOWS,Weldon Spring,38.7118,-90.6904,12,0.1802,2013,
NJBA,Barnegat,39.6667,-74.1667,12,0.0902,2013,
NCSL,Southern Lake Norman,35.4424,-80.8689,12,0.1218,2013,
NYNN,L.I.: Northern Nassau County,40.866,-73.5938,12,0.0927,2013,
ORHR,Hood River,45.6167,-121.5667,11,0.1492,2013,
OHTO,Toledo,41.65,-83.5333,11,0.1833,2013,
MXHU,"Huatulco, Oaxaca, Mexico",15.7675,-96.1302,11,0.6471,2013,
FLNP,North Pinellas,28.0672,-82.7388,11,0.0987,2013,
FLEM,Emeralda-Sunnyhill,28.85,-81.8501,11,0.088,2013,
CORO,Rocky Ford,38.1326,-103.679,11,0.3284,2013,
WAEA,East Lake Washington,47.5899,-121.9995,11,0.1721,2013,
FLLS,Lake Seminole - Torreya,30.6633,-84.9895,11,0.1497,2013,
ARLD,Lake Dardanelle,35.3417,-93.3251,11,0.3259,2013,nu
TNNA,Nashville,36.0545,-86.9287,11,0.1781,2013,
TXSC,Spring Creek,30.1268,-95.4432,10,0.381,2013,
WACK,Columbia Hills-Klickitat Valley,45.7667,-120.7833,10,0.1852,2013,
BCPM,Pitt Meadows,49.2839,-122.6729,10,0.0483,2013,
MOSC,Loess Bluffs (formerly Squaw Creek) N.W.R.,40.0833,-95.2667,10,0.2105,2013,
OHCC,Clark County,39.9214,-83.7798,10,0.3571,2013,
OHCI,Cincinnati,39.1,-84.3,10,0.0575,2013,
NMLC,Las Cruces,32.3,-106.7167,10,0.0897,2013,
NMCC,Carlsbad Caverns N.P.,32.1772,-104.5029,10,0.2062,2013,
NCHC,Henderson County,35.343,-82.553,10,0.1471,2013,
MDSA,Salisbury,38.3333,-75.7333,9,0.0848,2013,
MAMC,Mid-Cape Cod,41.7004,-70.3002,9,0.1023,2013,
MIMO,Monroe,41.8731,-83.4425,9,0.1779,2013,
INTH,Terre Haute,39.4165,-87.407,9,0.1268,2013,
LADA,D'Arbonne,32.6583,-92.241,9,0.1125,2013,
CACA,Calaveras,38.2108,-120.4144,9,0.1475,2013,
FLFM,Fort Myers,26.5551,-81.9906,9,0.0874,2013,
GUSO,"Southern Guam, Guam",13.3589,144.7055,9,0.75,2013,
AZCH,Chino Valley,34.8001,-112.4,9,0.1836,2013,
WAPT,Port Townsend,48.05,-122.7333,9,0.158,2013,
WAVA,Vashon,47.4332,-122.5067,9,0.061,2013,
UTOG,Ogden,41.2198,-112.064,9,0.1295,2013,
VABK,Brooke,38.3703,-77.3287,9,0.0829,2013,
VACL,Central Loudon,39.0905,-77.6198,9,0.0583,2013,
TNCV,Cookeville,36.1448,-85.4747,9,0.1401,2013,
TXBF,Buffalo Bayou,29.7715,-95.5699,9,0.0789,2013,
RINC,Newport County-Westport,41.5369,-71.1566,9,0.0766,2013,
TNHI,Hiwassee,35.3655,-84.92,8,0.1538,2013,
VABB,Back Bay N.W.R.,36.65,-76,8,0.0889,2013,
UTBR,Bear River Migratory Bird Refuge,41.4804,-112.2675,8,0.4848,2013,
TNMU,Murfreesboro,35.8461,-86.3918,8,0.8889,2013,
ALMO,Montgomery,32.3496,-86.3831,8,0.179,2013,
FLTA,Tampa,28.0107,-82.4595,8,0.1018,2013,
FLLP,Lake Placid,27.2601,-81.3441,8,0.087,2013,
COGJ,Grand Junction,39.1208,-108.6081,8,0.055,2013,
CAWB,Wallace-Bellota,38.1167,-120.9833,8,0.0821,2013,
BCSS,Sidney-South Saltspring,48.6956,-123.4278,8,0.0687,2013,
BAGR,"Grand Bahama Island, Bahamas",26.5397,-78.6739,8,0.2222,2013,
CAGM,Grass Mountain,34.6333,-118.4167,8,0.7273,2013,
IDLE,Lewiston-Clarkston,46.414,-116.952,8,0.1258,2013,
ILCY,Cypress Creek,37.319,-89.0213,8,0.1156,2013,
MTHA,Hamilton,46.2526,-114.1269,8,0.1584,2013,
NCKL,Kerr Lake,34.6,-78.3,8,0.126,2013,
NMEL,Eunice-Lea County,32.2541,-103.1136,8,1.1429,2013,nc
NJMO,Moorestown,39.9422,-74.9391,8,0.0593,2013,
OHWH,Western Hamilton County,39.2065,-84.6361,8,0.0675,2013,
NJLA,Lakehurst,40.0159,-74.1451,7,0.0789,2013,
MXEC,"El Cuyo, Yucatan, Mexico",21.5,-87.75,7,1.2478,2013,
MSLC,Lauderdale County,32.4676,-88.723,7,0.1273,2013,
MDBO,Bowie,38.9927,-76.7852,7,0.0233,2013,hc
COLO,Longmont,40.1741,-105.1734,7,0.0859,2013,
COWF,Weldona-Fort Morgan,40.3422,-103.8568,7,0.1707,2013,
DCDC,Washington,38.8674,-77.0685,7,0.0289,2013,
GAPC,Peachtree City,33.3468,-84.6231,7,0.1687,2013,
AZBW,Bill Williams Delta,34.3002,-114.0928,7,0.1086,2013,
VAWA,Walkerton,37.6809,-77.0313,7,0.0886,2013,
PAHR,Harrisburg,40.234,-76.9349,7,0.0972,2013,
TXHU,Huntsville,30.7156,-95.552,6,0.1165,2013,
ARLG,Lake Georgia-Pacific/Felsenthal N.W.R.,33.15,-92.0667,6,0.2892,2013,
AKGB,Glacier Bay,58.4506,-135.8721,6,0.1644,2013,
GACL,Carter's Lake,34.5801,-84.7917,6,0.0591,2013,
FLNR,West Pasco (New Port Richey),28.2604,-82.6949,6,0.0674,2013,
FLBO,Brooksville,28.548,-82.3245,6,0.0714,2013,
CODU,Durango,37.2001,-107.8119,6,0.1004,2013,
AZJE,Jerome,34.7398,-112.1238,6,0.1043,2013,
MOCC,Clarence Cannon N.W.R.,39.1667,-90.7808,6,0.1326,2013,
MOJO,Joplin,37.0548,-94.4602,6,0.1818,2013,
ILMI,Meredosia Island,39.8542,-90.5937,6,0.142,2013,
KSOL,Olathe,38.9127,-94.8521,6,0.4211,2013,
NENP,North Platte,41.1167,-100.7999,6,0.6,2013,
NCRM,Rocky Mount,35.9385,-77.8396,6,0.1319,2013,
OHYO,Youngstown,41.0467,-80.6983,6,0.3158,2013,
OKBB,Broken Bow Reservoir,34.0554,-94.7048,6,0.186,2013,
OHHF,Hamilton-Fairfield,39.4004,-84.536,6,0.1333,2013,
ORFL,Florence,44.0334,-124.0667,5,0.0399,2013,
ONTO,Toronto,43.7086,-79.4104,5,0.0197,2013,
NESC,Scottsbluff,41.8674,-103.6408,5,0.1852,2013,
NYBU,Buffalo,43.0016,-78.9651,5,0.0552,2013,
MOML,Montrose Lake Wildlife Area,38.2521,-93.8217,5,0.1563,2013,
ILCR,Calumet City-Sand Ridge,41.6155,-87.5395,5,0.0643,2013,
CAPC,Putah Creek,38.481,-122.0306,5,0.032,2013,
CAMP,Monterey Peninsula,36.562,-121.8776,5,0.0259,2013,
AKKO,Kodiak,57.75,-152.4833,5,0.0568,2013,
TXWR,White River,33.482,-101.1082,5,0.1316,2013,
TXTY,Tyler,32.2777,-95.2991,5,0.0551,2013,
SCPW,Pinewood,33.7394,-80.4825,5,0.16,2013,
WIGB,Green Bay,44.4804,-88.0246,5,0.0893,2013,
WVCH,Charleston,38.362,-81.7143,5,0.0816,2013,
PAYS,York Springs,40.0433,-77.0958,4,0.0455,2013,
RISK,South Kingstown,41.4295,-71.5588,4,0.0302,2013,
PAEL,Elverson,40.1334,-75.7667,4,0.046,2013,
TXGT,Georgetown-Andice,30.6999,-97.7395,4,0.0879,2013,
AZAV,Avra Valley,32.2501,-111.25,4,0.0714,2013,
COGM,Grand Mesa,39.1463,-108.0253,4,0.1311,2013,
FLCR,Crystal River,28.8712,-82.5776,4,0.0308,2013,
FLBC,Bay County,30.1851,-85.6719,4,0.0427,2013,
COCO,Cortez,37.4134,-108.6092,4,0.087,2013,
BCCO,Comox,49.6726,-124.9287,4,0.0448,2013,
BCSQ,Squamish,49.7309,-123.1452,4,0.0714,2013,
CAAA,Auburn,38.9758,-121.1438,4,0.0329,2013,
MOJC,Jefferson City,38.5815,-92.1834,4,0.1013,2013,
KSSL,Salina,38.8417,-97.631,4,0.0911,2013,
KSUW,Udall-Winfield,37.2647,-96.9756,4,0.0816,2013,
NYCS,L.I.: Central Suffolk County,40.8333,-72.7838,4,0.0457,2013,
NVMU,Muddy River,36.6792,-114.6242,4,0.1278,2013,
NJAS,Assunpink,40.16,-74.4242,4,0.053,2013,
NCRK,Roanoke Rapids,36.4025,-77.5651,4,0.1739,2013,
OHLN,Lancaster,39.7137,-82.6019,4,0.092,2013,
OHOS,O'Shaughnessy Reservoir,40.2167,-83.2167,4,0.0714,2013,
OKSL,Sooner Lake,36.4032,-97.0672,4,0.0808,2013,
OKKE,Kenton (Black Mesa),36.9033,-102.8912,3,0.3333,2013,
OHSA,Salem,40.8675,-80.8385,3,0.0536,2013,
OHCL,Cleveland,41.5723,-81.5039,3,0.0571,2013,
ORAS,Ashland,42.1607,-122.617,3,0.0219,2013,
NCCR,Charlotte,35.1765,-80.8759,3,0.0383,2013,
NELM,Lake McConaughy,41.2065,-101.724,3,0.0472,2013,
NVEL,Elko,40.7426,-115.6987,3,0.0501,2013,
KYDS,Daviess County South,37.6938,-86.9958,3,0.0857,2013,
ILML,"Mermet Lake, Massac County",37.2,-88.75,3,0.0697,2013,
ILBN,Bloomington-Normal,40.5644,-88.9448,3,0.1429,2013,
MXAL,"Alamos, Sonora, Mexico",27,-108.9,3,0.0326,2013,
BCPL,Port Clements,53.6346,-132.2129,3,0.3429,2013,
BCPQ,Parksville-Qualicum Beach,49.3458,-124.36,3,0.0377,2013,
BCNN,Nanaimo,49.1668,-123.9333,3,0.0191,2013,
IDTF,Twin Falls,42.5565,-114.4635,3,0.0938,2013,
IADM,Des Moines,41.6004,-93.7037,3,0.075,2013,
COCR,Crook,40.8833,-102.7167,3,0.0638,2013,
FLCB,Choctawhatchee Bay,30.4462,-86.5182,3,0.0199,2013,
COJM,John Martin Reservoir,38.058,-103.033,3,0.0526,2013,
CTOL,Old Lyme-Saybrook,41.2924,-72.427,3,0.0307,2013,
ALGS,Gulf Shores,30.3167,-87.6333,3,0.0246,2013,
TXTT,Tenaha-Timpson,31.961,-94.421,3,0.0632,2013,
WVON,Ona,38.506,-82.1902,3,0.05,2013,
VISC,"St. Croix, USVI",17.7168,-64.7833,3,0.0857,2013,
MXBB,"Bahia Banderas, Puerto Vallarta, Jalisco, Mexico",20.5708,-105.2622,3,0.0395,2013,
KSWA,Wakefield,39.2201,-96.9662,3,0.1281,2013,
KYEA,East Allen County,36.7426,-86.0686,2,0.0237,2013,
VAWB,Washington's Birthplace,38.1143,-76.9478,2,0.0516,2013,
VANS,Northern Shenandoah Valley,39.0501,-78.1667,2,0.0124,2013,
VARC,Rockingham County,38.4318,-79.0394,2,0.0289,2013,
WAKC,Kitsap County,47.6323,-122.6609,2,0.0242,2013,
TXSJ,San Jacinto Wilderness,30.1672,-95.0967,2,0.037,2013,nd
TXVI,Victoria,28.8723,-97.0784,2,0.0518,2013,
ORSL,Silverton,44.966,-122.7065,2,0.0317,2013,
ORUC,Union County,45.25,-117.8833,2,0.0304,2013,
ORUT,Utopia,44.4821,-121.1937,2,0.0833,2013,
PAPS,Pittsburgh South Hills,40.2828,-80.0542,2,0.023,2013,
PASC,State College,40.8,-77.8,2,0.0217,2013,
PATU,Tunkhannock,41.5364,-75.9476,2,0.0444,2013,
PAWS,Washington,40.1288,-80.2099,2,0.125,2013,
TNCO,Columbia,35.599,-87.1613,2,0.1053,2013,
SDYA,Yankton,42.9333,-97.3833,2,0.0248,2013,
TNCC,Cross Creeks N.W.R.,36.476,-87.7528,2,0.05,2013,
TNFC,Fayette County,35.2,-89.42,2,0.0684,2013,
TNNO,Norris,36.2242,-84.0927,2,0.0813,2013,
TNKI,Kingsport,36.5,-82.5167,2,0.0462,2013,
ABMH,Medicine Hat,50.0177,-110.6845,2,0.015,2013,
ARCC,Crooked Creek Valley,36.1715,-93.1425,2,0.08,2013,
FLWP,West Palm Beach,26.5672,-80.127,2,0.0132,2013,
FLWR,Wekiva River,28.7863,-81.3679,2,0.0181,2013,
GADU,Dublin,32.6297,-82.9239,2,0.0588,2013,
FLEC,Econlockhatchee,28.7094,-81.1467,2,0.0166,2013,
COGR,Greeley,40.3936,-104.6801,2,0.0357,2013,
COLV,Loveland,40.4077,-105.1653,2,0.0176,2013,
IASL,Spirit Lake,43.4226,-95.1023,2,0.0741,2013,
CAMH,Mount Hamilton,37.3719,-121.5228,2,0.0301,2013,
BCPB,Pemberton-Mt. Currie,50.3163,-122.7678,2,0.0437,2013,
BCHR,Harrison River,49.3163,-121.8499,2,0.044,2013,
BANP,"New Providence Island, Bahamas",25.0541,-77.3968,2,0.0432,2013,
BCCH,Chilliwack,49.1113,-121.9436,2,0.0191,2013,
AZPA,Patagonia,31.4833,-110.6833,2,0.0163,2013,
BEBE,Bermuda,32.3058,-64.7585,2,0.0294,2013,
BLBC,"Belize City, Belize",17.6052,-88.3889,2,0.2,2013,
CABI,Bishop,37.3611,-118.4776,2,0.018,2013,
CACN,Carpinteria,34.4303,-119.4839,2,0.0313,2013,
MXNP,"Navopatia, Sonora, Mexico",26.4,-109.2333,2,0.2857,2013,
MSJA,Jackson,32.4476,-90.004,2,0.0392,2013,
MIBT,Battle Creek,42.3767,-85.2795,2,0.0442,2013,
ILME,Monroe County,38.2394,-90.2333,2,0.1111,2013,
INEV,Evansville,37.9776,-87.5752,2,0.0529,2013,
KSHN,Halstead-Newton,38.0599,-97.4338,2,0.0397,2013,
INSM,Spring Mill S.P.,38.7233,-86.417,2,0.0471,2013,
NVPL,Pyramid Lake,39.944,-119.5102,2,0.0423,2013,
NMES,Espanola,35.9905,-106.073,2,0.0488,2013,
NCGV,Greenville,35.5885,-77.2387,2,0.04,2013,
ONSC,St. Catharines,43.1152,-79.3675,2,0.0221,2013,
ONNF,Niagara Falls,43.1667,-79.0667,2,0.0157,2013,
OKSV,Spavinaw,36.4,-94.9501,2,0.046,2013,
OROA,Oakridge,43.7333,-122.45,2,0.0727,2013,
OHCO,Columbus,39.9851,-82.9315,2,0.0139,2013,
OHOX,Oxford,39.5078,-84.7169,1,0.0333,2013,
OHWI,Wilmot,40.672,-81.641,1,0.0061,2013,
OKHR,Hulah Reservoir,36.9289,-96.0873,1,0.0377,2013,
OKSP,Salt Plains N.W.R.,36.785,-98.1789,1,0.0217,2013,
ONCC,Cedar Creek,42.0694,-82.8727,1,0.0101,2013,
ONKG,Kingston,44.206,-76.4611,1,0.0094,2013,
ONKP,Kettle Point,43.171,-81.8816,1,0.0155,2013,
NELI,Lincoln,40.7992,-96.7494,1,0.0129,2013,
NJEL,Elmer,39.5834,-75.1428,1,0.0165,2013,
NMLV,Las Vegas,35.595,-105.2152,1,0.0296,2013,
NJPR,Princeton,40.341,-74.6649,1,0.0078,2013,
NJSO,Somerset County,40.5823,-74.622,1,0.0108,2013,
NYCH,Conesus-Hemlock-Honeoye Lakes,42.7776,-77.6161,1,0.0108,2013,
KSAC,Arkansas City,37.0382,-97.0393,1,0.0385,2013,
KSBA,Baldwin,38.7824,-95.2713,1,0.0216,2013,
INWG,Western Gibson County,38.3406,-87.7807,1,0.0164,2013,
ILMW,Morris-Wilmington,41.3034,-88.3016,1,0.0357,2013,
KYLB,Land Between the Lakes,36.9367,-88.1683,1,0.0177,2013,
LACB,Claiborne,32.78,-92.95,1,0.0161,2013,
LABR,Baton Rouge,30.3661,-91.1194,1,0.0064,2013,
LARB,Reserve-Bonnet Carre Spillway,30.0867,-90.4711,1,0.0157,2013,
MIDE,Detroit,42.7213,-83.551,1,0.0095,2013,
MIKA,Kalamazoo,42.2963,-85.6482,1,0.0141,2013,
MIPH,Port Huron,42.9347,-82.5215,1,0.0121,2013,
MNCC,Cedar Creek Bog,45.3967,-93.202,1,0.0163,2013,
MNEX,Excelsior,44.8617,-93.5244,1,0.0094,2013,
MDWC,Washington County,39.5656,-77.7308,1,0.0226,2013,
MIAB,Anchor Bay,42.6273,-82.6647,1,0.0134,2013,
MACB,Central Berkshire,42.4086,-73.2537,1,0.0182,2013,
MACC,Cape Cod,41.7207,-69.9968,1,0.0123,2013,
MTST,Stevensville,46.513,-114.0922,1,0.0102,2013,
BCKE,Kelowna,49.8836,-119.4935,1,0.0105,2013,
BCOO,Oliver-Osoyoos,49.0787,-119.5164,1,0.0107,2013,
CAML,Mono Lake,37.9561,-119.1201,1,0.0211,2013,
CAFO,Folsom,38.6618,-121.0974,1,0.0058,2013,
IDBR,Bruneau,42.9252,-115.858,1,0.0153,2013,
IADS,DeSoto N.W.R.,41.4509,-95.9642,1,0.0127,2013,
IASH,Shenandoah,40.7211,-95.4809,1,0.0303,2013,
IACL,Clinton,41.9801,-90.174,1,0.0219,2013,
ILCT,Clinton Lake,40.1668,-88.7999,1,0.0278,2013,
HTLC,"Les Cayes, Haiti",18.2713,-73.813,1,0.027,2013,
COSD,Salida,38.5,-106,1,0.0179,2013,
CASN,Sonora,37.969,-120.3353,1,0.0084,2013,
FLKV,Kissimmee Valley,28.2062,-81.3936,1,0.0227,2013,
ALAU,Auburn,32.586,-85.4497,1,0.0333,2013,
HIKA,Kaua'i: Kapa'a,22.15,-159.4167,1,0.0294,2013,
ABCA,Calgary,51.051,-114.0848,1,0.0037,2013,
ABCR,Crowsnest,49.6083,-114.4414,1,0.1111,2013,
TNJA,Jackson,35.6119,-88.8205,1,0.0357,2013,
PAER,Erie,42.0833,-80.0333,1,0.0216,2013,
PAGE,Gettysburg,39.8304,-77.3177,1,0.0137,2013,
WYCA,Casper,42.7834,-106.4333,1,0.0129,2013,
WYRT,Riverton,43.0246,-108.3806,1,0.0348,2013,
TXLC,Love Creek,29.803,-99.496,1,0.0105,2013,
VARO,Roanoke,37.3034,-79.9446,1,0.0294,2013,
VTCS,Champlain Islands-St. Albans,44.817,-73.2492,1,0.0136,2013,
UTJR,Jordan River,40.4526,-111.9135,1,0.0214,2013,
UTZI,Zion N.P.,37.2093,-112.9804,1,0.0096,2013,
TNPC,Perry County,35.725,-87.8667,1,0.0385,2013,
UTMG,Morgan,41.0206,-111.6054,cw,0,2013,
VATP,The Plains,38.8,-77.8667,cw,0,2013,
WVMF,Moorefield,39.0623,-78.9695,cw,0,2013,
AZCP,Ajo-Cabeza Prieta N.W.R.,32.3667,-112.9167,cw,0,2013,
GAFC,Floyd County,34.2898,-85.1805,cw,0,2013,
IAAM,Ames,42.0077,-93.5711,cw,0,2013,
MXCM,"Cumbres de Monterrey, Nuevo Leon, Mexico",25.4681,-100.2085,cw,0,2013,
MSSL,Sardis Lake,34.47,-89.7222,cw,0,2013,
MAMI,Millis,42.1675,-71.3572,cw,0,2013,
MAPL,Plymouth,41.8733,-70.6012,cw,0,2013,
KSQU,Quivira N.W.R.,38.15,-98.4833,cw,0,2013,
ILMF,Middle Fork River Valley,40.247,-87.7009,cw,0,2013,
ILCD,Coles-Cumberland,39.4412,-88.1373,cw,0,2013,
NCWS,Winston-Salem,36.084,-80.3067,cw,0,2013,
NEAM,Ames,41.45,-96.6167,cw,0,2013,
NECL,Calamus-Loup,41.35,-99.2667,cw,0,2013,
ONOW,Oshawa,43.9085,-78.8141,cw,0,2013,
OHPO,Portsmouth,38.7798,-83.1086,cw,0,2013,
OHCA,Cadiz,40.2992,-81.0847,cw,0,2013,